TimeSeconds,X,Y,Speed,Distance,Throttle,Brake,LapNumber
0.0,3361.5421189625954,850.5932254010496,276.8607122285714,0.2181252278978881,100.0,False,1
0.013,3363.729922380444,835.3224474240546,277.0,1.2227777777777753,100.0,False,1
0.069,3372.0,776.0,277.46666666666664,5.555154641273421,100.0,False,1
0.253,3386.1949658094486,653.3556987606639,279.0,19.822777777777773,100.0,False,1
0.489,3390.0,552.0,279.0,38.10573885123399,100.0,False,1
0.573,3392.3517425345717,495.72128743665183,279.0,44.62277777777777,100.0,False,1
0.689,3395.0,405.0,279.58291438539436,53.63864317928582,100.0,False,1
0.772,3395.058703711478,335.3767073296418,280.0,60.10055555555555,100.0,False,1
0.869,3394.0,257.0,280.4041664,67.66345939595007,100.0,False,1
1.012,3392.08796594831,164.65699931173407,281.0,78.83388888888888,100.0,False,1
1.129,3386.0,62.0,281.3656248,87.99105666894961,100.0,False,1
1.31,3365.0,-187.0,281.9312496,102.17647040347426,100.0,False,1
1.332,3362.4191183240005,-214.83244782534263,282.0,103.90055555555554,100.0,False,1
1.492,3345.627338025837,-378.37132561574657,282.0,116.43388888888887,100.0,False,1
1.652,3332.0202686589228,-484.61806960118287,282.0,128.9672222222222,100.0,False,1
1.79,3322.0,-562.0,282.0,139.87619834618417,100.0,False,1
1.852,3317.990824950427,-593.3977594040587,282.0,144.6338888888889,100.0,False,1
2.132,3303.0266834629633,-718.5176386061519,257.0,164.62277777777777,0.0,True,1
2.23,3298.0,-770.0,253.94704387729223,171.55845784567015,0.0,True,1
2.45,3287.0,-903.0,247.09345995632847,186.463008962136,0.0,True,1
2.453,3286.872662435099,-904.7413964879385,247.0,186.64694444444442,0.0,True,1
2.65,3281.0,-1014.0,213.140636,197.51851814940792,0.0,True,1
2.773,3281.268021322349,-1088.3215297998531,192.0,203.7136111111111,0.0,True,1
2.83,3282.0,-1120.0,188.7937536,206.54596793538315,0.0,True,1
3.03,3290.0,-1215.0,177.5437536,216.24757563280212,0.0,True,1
3.093,3298.3010694912427,-1253.2073813224956,174.0,219.18027777777777,0.0,True,1
3.27,3330.0,-1365.0,166.03500288,227.0640629587916,0.0,True,1
3.493,3353.0936847309913,-1417.1130731905353,156.0,236.51361111111112,0.0,True,1
3.59,3367.0,-1437.0,152.3625024,240.5671266900145,0.0,True,1
3.653,3379.3698993557155,-1455.028622141334,150.0,243.1802777777778,0.0,True,1
3.79,3418.0,-1505.0,147.4312512,248.79137390424418,0.0,True,1
3.813,3426.620745867767,-1514.1757879598422,147.0,249.71361111111113,0.0,True,1
4.03,3521.0,-1599.0,140.972224,258.0717297817603,0.0,True,1
4.173,3557.1963543982833,-1627.6054528447723,137.0,263.41361111111115,0.0,True,1
4.39,3597.0,-1651.0,132.2531264,271.42589646250786,0.0,True,1
4.493,3630.174371355555,-1670.3536216193472,130.0,274.9691666666667,0.0,True,1
4.57,3656.0,-1685.0,124.9468792,277.45089035133947,0.0,True,1
4.81,3724.0,-1721.0,109.1968792,284.5699983715868,0.0,True,1
4.813,3724.8612674509322,-1721.488005175236,109.0,284.65805555555556,0.0,True,1
5.013,3785.274610288929,-1758.7926388276774,104.0,290.43583333333333,0.0,True,1
5.13,3814.0,-1779.0,98.63750293333334,293.5120034281053,0.0,True,1
5.253,3833.818657463482,-1795.6920988974196,93.0,296.6358333333333,0.0,True,1
5.37,3848.0,-1812.0,93.0,299.66993960153985,0.0,True,1
5.413,3853.282432874646,-1819.2101868641337,93.0,300.76916666666665,0.0,True,1
5.613,3876.5645669715277,-1859.826609675924,88.0,305.65805555555556,0.0,True,1
5.67,3881.0,-1872.0,86.9312512,306.9946573054525,0.0,True,1
5.85,3887.0,-1913.0,83.5562512,311.0815302267433,0.0,True,1
5.933,3886.291706286481,-1937.4854145207592,82.0,312.94694444444445,0.0,False,1
6.093,3880.1706384005615,-1991.612898658456,80.0,316.5025,0.0,False,1
6.17,3877.0,-2012.0,77.593752,318.12350854894726,3.3687472,False,1
6.253,3873.7613426740245,-2028.3339684216735,75.0,319.8358333333333,7.0,False,1
6.413,3867.745535785763,-2045.2224824905566,75.0,323.1691666666666,12.0,False,1
6.549,3860.0,-2063.0,75.75555555555556,326.0256654338429,19.177777777777777,False,1
6.729,3845.0,-2098.0,76.75555555555556,329.8911841311377,28.677777777777777,False,1
6.773,3840.8166762662768,-2106.5479936296156,77.0,330.8691666666666,31.0,False,1
6.849,3833.0,-2121.0,79.28,332.590319490389,34.04,False,1
6.973,3817.8468045498835,-2144.756942733211,83.0,335.48027777777776,39.0,False,1
7.069,3805.0,-2162.0,84.5307514852663,337.7812005603116,41.624145403313655,False,1
7.309,3770.0,-2198.0,88.35763019843205,343.7757182880055,48.18450891159779,False,1
7.412,3751.2445609334627,-2212.512058458341,90.0,346.4552777777778,51.0,False,1
7.489,3735.0,-2223.0,93.3687472,348.500472543728,53.8874976,False,1
7.572,3714.986340313249,-2233.7911989269696,97.0,350.7663888888889,57.0,False,1
7.689,3684.0,-2247.0,100.656248,354.1084996660464,59.1937488,False,1
7.892,3628.1733981479106,-2261.086045503978,107.0,360.27750000000003,63.0,False,1
7.91,3623.0,-2262.0,107.6749952,360.84360844859,63.1124992,False,1
8.09,3565.0,-2269.0,114.4249952,366.67673218670467,64.2374992,False,1
8.212,3508.2940164112474,-2271.551269847087,119.0,370.8552777777778,65.0,False,1
8.39,3422.0,-2273.0,130.56999168,377.34415044896383,74.78999296,False,1
8.412,3413.8094580079146,-2273.0895324913827,132.0,378.1886111111112,76.0,False,1
8.572,3371.342410145782,-2273.173412019724,143.0,384.5441666666667,100.0,False,1
8.75,3318.0,-2269.0,143.0,391.572198015496,100.0,False,1
8.773,3307.9087796686276,-2267.928940200709,143.0,392.52833333333336,100.0,False,1
8.973,3197.6090642209274,-2254.2992208670535,160.0,401.4172222222223,100.0,False,1
9.03,3169.0,-2250.0,161.66249813333334,404.0102821788902,100.0,False,1
9.213,3098.9321356294467,-2236.2534315162393,167.0,412.55055555555555,100.0,False,1
9.33,3057.0,-2226.0,177.2374944,418.40862123990036,100.0,False,1
9.373,3040.0842769722385,-2221.7300541305635,181.0,420.595,100.0,False,1
9.533,2964.2429230725943,-2201.2450942925575,184.0,428.77277777777783,100.0,False,1
9.59,2924.0,-2189.0,185.2214272,431.7211950012472,100.0,False,1
9.77,2766.0,-2138.0,189.07857005714285,441.2150500365744,100.0,False,1
9.813,2739.171520096875,-2129.2538066500647,190.0,443.55055555555566,100.0,False,1
10.11,2654.0,-2100.0,202.37499733333334,460.39217781592737,100.0,False,1
10.173,2624.3028901339835,-2088.9833531704517,205.0,464.0505555555556,100.0,False,1
10.31,2546.0,-2059.0,210.1374976,472.0689626903665,100.0,False,1
10.333,2533.4074423798165,-2053.917307911382,211.0,473.4283333333334,100.0,False,1
10.57,2410.0,-1999.0,216.1843736,487.6965297669059,100.0,False,1
10.653,2362.9332732431913,-1975.8594279967353,218.0,492.8061111111112,100.0,False,1
10.79,2285.0,-1935.0,222.79499776,501.3608431934215,100.0,False,1
10.853,2252.6833460631015,-1916.6509311596606,225.0,505.30611111111114,100.0,False,1
10.97,2194.0,-1881.0,225.0,512.6114251941881,100.0,False,1
11.093,2124.4453325047452,-1836.546811216534,225.0,520.3061111111111,100.0,False,1
11.15,2093.0,-1816.0,225.85499904,523.8934684577364,100.0,False,1
11.293,2021.0810467647575,-1767.9795505576894,228.0,532.9727777777778,100.0,False,1
11.33,2002.0,-1755.0,228.79285577142858,535.3479263652806,100.0,False,1
11.55,1880.0,-1670.0,233.5071414857143,549.6646238583861,100.0,False,1
11.573,1867.6945169522692,-1661.1535314261425,234.0,551.1727777777778,100.0,False,1
11.81,1748.0,-1572.0,236.9624992,566.7754576401974,100.0,False,1
11.813,1746.487093603109,-1570.8487528453372,237.0,566.9727777777779,100.0,False,1
12.773,1244.5226330270323,-1170.6555288269833,230.0,628.3061111111111,42.0,True,1
12.89,1188.0,-1125.0,218.3000064,635.2420360092127,17.43001344,True,1
12.973,1149.0093935586385,-1093.5416658026743,210.0,639.9727777777779,0.0,True,1
13.129,1080.0,-1037.0,199.16666666666666,648.2658855645996,0.0,True,1
13.329,1001.0,-967.0,185.27777777777777,658.2723189924676,0.0,True,1
13.333,999.331658926049,-965.4329412722592,185.0,658.4727777777779,0.0,True,1
13.549,906.0,-872.0,179.6,669.2576661131144,0.0,True,1
13.613,882.5393153293605,-845.5315367917511,178.0,672.3172222222223,0.0,True,1
13.813,826.2313330376943,-770.8392300743272,162.0,681.3172222222223,0.0,True,1
13.949,798.0,-727.0,157.45403980763635,687.096111049128,0.0,True,1
14.172,765.8459920081137,-667.2325188330835,150.0,696.2755555555557,0.0,False,1
14.332,751.5319911394706,-621.4735627659826,148.0,702.8533333333335,0.0,False,1
14.369,749.0,-609.0,146.6125024,704.3359336599528,2.0812464,False,1
14.492,742.8550033492595,-562.8581155250018,142.0,709.1644444444446,9.0,False,1
14.53,742.0,-548.0,141.62000128,710.6442123955034,10.51999488,False,1
14.692,744.7186197339635,-483.95455029570877,140.0,716.9422222222223,17.0,False,1
14.79,749.0,-444.0,141.39999817142856,720.799735505437,29.599983542857142,False,1
14.85,752.0,-419.0,142.25714102857143,723.1834538737143,37.31426925714286,False,1
14.972,759.4115272457026,-368.6501761867291,144.0,728.1422222222222,53.0,False,1
15.11,767.0,-312.0,148.7437456,733.9516864845127,65.5062384,False,1
15.29,770.0,-236.0,154.9312456,741.8306791553183,81.8187384,False,1
15.292,769.9811393920587,-235.1082283644916,155.0,741.9200000000001,82.0,False,1
15.453,764.8276298578506,-160.04296573194088,163.0,749.2097222222222,68.0,False,1
15.49,763.0,-143.0,163.26428525714286,750.8957662052171,68.0,False,1
15.733,746.0864471688526,-37.6677822891211,165.0,762.0430555555556,68.0,False,1
15.83,734.0,5.0,166.93999872,766.56089192692,63.63500288,False,1
15.85,731.0,14.0,167.33999872,767.4985141009435,62.73500288,False,1
15.933,716.6018666960015,51.51651848100587,169.0,771.4319444444444,59.0,False,1
16.07,687.0,112.0,172.9142838857143,778.0739331934958,70.74285165714285,False,1
16.213,650.3346644866996,169.93440708072274,177.0,785.1986111111112,83.0,False,1
16.27,634.0,193.0,179.27999744,788.09111071548,87.84499456,False,1
16.413,588.5649596186814,252.95771144798414,185.0,795.4763888888889,100.0,False,1
16.61,520.0,338.0,190.74583146666666,805.9425103953572,100.0,False,1
16.653,504.99482919240967,356.45422384075,192.0,808.2763888888888,100.0,False,1
16.77,463.0,408.0,197.8499968,814.7294183681671,100.0,False,1
16.813,446.4199845050876,428.41162023036844,200.0,817.1652777777778,100.0,False,1
16.97,391.0,497.0,207.06499712,826.4227329702618,100.0,False,1
17.19,355.0,542.0,216.96499712,839.9722618674996,100.0,False,1
17.213,346.3251998670844,552.4646395728637,218.0,841.3875000000002,100.0,False,1
17.49,180.0,751.0,222.94642742857144,858.5412266683443,100.0,False,1
17.493,178.63045083044813,752.6249833490302,223.0,858.7319444444445,100.0,False,1
17.853,86.47278421210332,851.9519960429132,236.0,882.3319444444447,100.0,False,1
17.87,79.0,859.0,236.0,883.4467224562794,100.0,False,1
18.013,-6.102991275065703,938.5177227521159,236.0,892.8208333333337,100.0,False,1
18.11,-66.0,993.0,238.90999808,899.2933015077746,100.0,False,1
18.213,-117.88986654031932,1037.9818413667858,242.0,906.265277777778,100.0,False,1
18.49,-235.0,1130.0,247.93571291428572,925.3463819738282,100.0,False,1
18.493,-236.5762739649735,1131.2447797419932,248.0,925.5541666666668,100.0,False,1
18.65,-327.0,1203.0,248.87222186666668,936.4415052905325,100.0,False,1
18.853,-438.89409541640566,1291.5608510576837,250.0,950.554166666667,100.0,False,1
18.91,-468.0,1316.0,250.3562496,954.5230288195085,100.0,False,1
19.013,-517.904570264807,1360.4815478010482,251.0,961.7097222222226,100.0,False,1
19.07,-545.0,1386.0,251.4071424,965.7016603044635,100.0,False,1
19.29,-651.0,1503.0,252.97857097142858,981.1764135589189,100.0,False,1
19.293,-652.478742520562,1505.0817404277648,253.0,981.3875000000002,100.0,False,1
19.55,-770.0,1709.0,253.0,999.4520982565163,100.0,False,1
19.573,-776.9926354919455,1722.631628208155,253.0,1001.065277777778,100.0,False,1
19.849,-830.0,1855.0,252.31,1020.3755544439714,100.0,False,1
19.973,-872.3015537110977,1981.7761848552748,252.0,1029.065277777778,100.0,False,1
20.069,-902.0,2080.0,252.6,1035.8102047704112,100.0,False,1
20.133,-914.5337969600963,2130.827242788048,253.0,1040.3097222222225,100.0,False,1
20.269,-928.0,2218.0,253.0,1049.8681992896854,100.0,False,1
20.373,-935.281764442726,2292.306250831332,253.0,1057.1763888888893,100.0,False,1
20.573,-943.3791621515128,2447.4657977702336,253.0,1071.2319444444447,100.0,False,1
20.609,-944.0,2474.0,253.0,1073.7628658183194,100.0,False,1
20.733,-944.2820323986085,2561.634094336389,253.0,1082.4763888888892,100.0,False,1
20.769,-944.0,2587.0,252.77453030152412,1085.001369062844,100.0,False,1
20.909,-942.0,2686.0,251.89770369634022,1094.79784164219,100.0,False,1
21.07,-939.0,2798.0,250.88935350121372,1105.9963435859217,100.0,False,1
21.212,-933.4011246353144,2938.225433104999,250.0,1115.7402777777781,100.0,False,1
21.35,-927.0,3074.0,244.25000533333332,1125.082730574274,61.66670222222223,False,1
21.572,-918.9617986745094,3200.846093001487,235.0,1139.2402777777781,0.0,True,1
21.772,-914.0365342294626,3267.661584836321,200.0,1150.3513888888892,0.0,True,1
21.83,-913.0,3292.0,196.82587664107515,1153.472924435599,0.0,True,1
21.973,-911.5765757395737,3362.7985948389596,189.0,1160.9038888888892,0.0,True,1
22.01,-912.0,3385.0,185.3000064,1162.6972454807933,0.0,True,1
22.23,-921.0,3531.0,163.3000064,1172.4414092819436,0.0,True,1
22.253,-921.8977180728206,3541.1174254977013,161.0,1173.4261111111116,0.0,True,1
22.413,-927.0287126926636,3576.6026093422893,152.0,1180.181666666667,0.0,True,1
22.49,-931.0,3595.0,149.593752,1183.3354543025625,0.0,True,1
22.573,-937.1751718925569,3624.2095900218173,147.0,1186.7150000000004,0.0,True,1
22.69,-948.0,3672.0,147.0,1191.5544365793417,0.0,True,1
22.813,-960.0325671547727,3714.1355263871046,147.0,1196.5150000000003,0.0,True,1
22.97,-982.0,3766.0,137.8416704,1202.3099103124514,0.0,True,1
23.173,-1030.589388305676,3848.0181782190853,126.0,1209.1150000000002,0.0,True,1
23.25,-1047.0,3872.0,121.50833706666667,1211.5680500030476,0.0,True,1
23.413,-1070.0335051150057,3898.1762789974127,112.0,1216.581666666667,0.0,True,1
23.53,-1087.0,3911.0,108.343752,1220.0908204539282,0.0,True,1
23.573,-1094.9838811850236,3916.82851856157,107.0,1221.3372222222224,0.0,True,1
23.79,-1146.0,3950.0,99.25000228571429,1227.2117354348168,0.0,True,1
23.853,-1161.9934601243012,3957.5653690580593,97.0,1228.881666666667,0.0,True,1
24.013,-1203.5131113969321,3971.5018890287756,96.0,1233.1483333333335,4.0,False,1
24.07,-1218.0,3975.0,96.0,1234.6649061116461,8.749994666666668,False,1
24.253,-1263.6145201813638,3981.655228702188,96.0,1239.5483333333334,24.0,False,1
24.27,-1268.0,3982.0,96.2124992,1240.0083210221053,24.8499968,False,1
24.413,-1306.806927107412,3983.3093193640802,98.0,1243.903888888889,32.0,False,1
24.47,-1324.0,3983.0,98.1781248,1245.4457452719994,35.3843712,False,1
24.65,-1378.0,3980.0,98.7406248,1250.3142797005794,46.0718712,False,1
24.733,-1388.101058818814,3979.6049537100475,99.0,1252.703888888889,51.0,False,1
24.81,-1398.0,3979.0,103.12499657142857,1255.031181869836,55.67499611428571,False,1
24.99,-1455.0,3974.0,112.76785371428572,1260.8124335914235,66.60356754285715,False,1
25.013,-1463.297076920673,3973.4035061900286,114.0,1261.5705555555558,68.0,False,1
25.213,-1535.9303244858907,3970.1101712083846,124.0,1268.4594444444447,78.0,False,1
25.23,-1542.0,3970.0,125.4874944,1269.0971510192824,77.5750016,False,1
25.41,-1606.0,3971.0,141.2374944,1276.3548921362071,73.0750016,False,1
25.453,-1622.0831691798976,3972.1515582576444,145.0,1278.1261111111112,72.0,False,1
25.653,-1702.822448649177,3985.093132357777,148.0,1286.3483333333334,67.0,False,1
25.69,-1719.0,3990.0,148.4624992,1287.8810173882619,67.0,False,1
25.893,-1813.2080488440524,4031.766293633176,151.0,1296.4150000000002,67.0,False,1
25.99,-1851.0,4053.0,154.2333312,1300.605109771632,69.020832,False,1
26.133,-1890.604737523343,4080.275231202339,159.0,1307.015,72.0,False,1
26.23,-1916.0,4102.0,163.4458304,1311.6046351323473,74.8291648,False,1
26.549,-2023.0,4213.0,178.06666666666666,1327.8175771920191,84.13333333333334,False,1
26.613,-2044.0775356513766,4240.244832245111,181.0,1331.1483333333335,86.0,False,1
26.729,-2080.0,4292.0,184.54444444444445,1337.2211468487849,90.5111111111111,False,1
26.909,-2128.0,4374.0,190.04444444444445,1346.8200400955327,97.5111111111111,False,1
26.973,-2143.0662382409178,4403.877162894576,192.0,1350.3483333333336,100.0,False,1
27.129,-2176.0,4478.0,198.38181818181818,1359.2220852538662,100.0,False,1
27.413,-2227.90302850467,4635.088615965178,210.0,1376.0150000000003,100.0,False,1
27.429,-2231.0,4648.0,210.34408594257528,1376.965556357628,100.0,False,1
27.65,-2273.0,4854.0,215.0967716480524,1390.1850954703084,100.0,False,1
27.692,-2278.3076492646633,4882.7110868328555,216.0,1392.7550000000003,100.0,False,1
28.012,-2293.9524347420793,4993.985914395363,228.0,1413.021666666667,100.0,False,1
28.03,-2295.0,5002.0,228.6749952,1414.1837346668751,100.0,False,1
28.172,-2306.0492695610815,5084.564659331381,234.0,1423.421666666667,100.0,False,1
28.21,-2310.0,5116.0,234.9499968,1425.9215232909257,100.0,False,1
28.412,-2336.097135611237,5339.5343460183485,240.0,1439.421666666667,100.0,False,1
28.45,-2340.0,5374.0,241.3233790482401,1442.0019295950024,100.0,False,1
28.613,-2349.409519706256,5460.172470251386,247.0,1453.2125000000005,100.0,False,1
28.773,-2353.2140193859964,5502.520060420401,252.0,1464.4125000000006,100.0,False,1
28.83,-2356.0,5532.0,252.85499904,1468.4278806212517,100.0,False,1
28.95,-2364.0,5616.0,254.65499904,1476.9341745052525,100.0,False,1
28.973,-2365.593669153354,5633.133707952959,255.0,1478.579166666667,100.0,False,1
29.133,-2376.4038556243713,5754.105167664098,260.0,1490.1347222222228,100.0,False,1
29.25,-2384.0,5839.0,260.97499946666665,1498.618538054543,100.0,False,1
29.373,-2391.7356563384315,5922.752986552268,262.0,1507.6013888888897,100.0,False,1
29.45,-2397.0,5986.0,264.406248,1513.2865134742494,100.0,False,1
29.533,-2403.374487053307,6071.836363080404,267.0,1519.4680555555565,100.0,False,1
29.65,-2412.0,6196.0,269.9249984,1528.2758524157869,100.0,False,1
29.733,-2416.381327501815,6260.327943278311,272.0,1534.5791666666676,100.0,False,1
29.97,-2424.0,6380.0,276.93749866666667,1552.8121033141745,100.0,False,1
29.973,-2424.100176797373,6381.647121568662,277.0,1553.045833333334,100.0,False,1
30.25,-2435.0,6590.0,283.9249984,1574.8969165190924,100.0,False,1
30.253,-2435.141092804124,6593.453809993141,284.0,1575.134722222223,100.0,False,1
30.453,-2444.816374788635,6862.437105205862,286.0,1591.023611111112,100.0,False,1
30.49,-2446.0,6898.0,286.36999936,1593.9817684206043,100.0,False,1
30.75,-2448.0,6994.0,288.96999936,1614.938817069906,100.0,False,1
30.853,-2448.5870199899064,7060.221141569896,290.0,1623.2458333333343,100.0,False,1
31.01,-2449.0,7195.0,290.0,1635.8838405630038,100.0,False,1
31.053,-2448.6724714130924,7230.370059347607,290.0,1639.3569444444454,100.0,False,1
31.17,-2447.0,7325.0,291.4624992,1648.8519033377784,100.0,False,1
31.293,-2444.59523884334,7429.057109781911,293.0,1658.8902777777787,100.0,False,1
31.45,-2440.0,7561.0,294.9624992,1671.7554652876852,100.0,False,1
31.453,-2439.8871222640155,7563.398220568758,295.0,1672.0013888888898,100.0,False,1
31.61,-2433.0,7684.0,295.0,1684.8666820766284,100.0,False,1
31.613,-2432.862702327321,7686.274347019057,295.0,1685.1125000000009,100.0,False,1
31.93,-2414.0,7954.0,295.0,1711.0888655006854,100.0,False,1
31.933,-2413.6964582435853,7957.314890078014,295.0,1711.334722222223,100.0,False,1
32.19,-2383.0,8256.0,295.0,1732.3970186246388,100.0,False,1
32.373,-2373.884486534871,8332.923444710352,295.0,1747.3902777777785,100.0,False,1
32.45,-2369.0,8370.0,295.0,1753.6967208952453,100.0,False,1
32.67,-2344.0,8557.0,295.0,1771.7191744064141,100.0,False,1
32.733,-2336.189739929698,8609.117348247173,295.0,1776.8902777777785,100.0,False,1
32.929,-2311.0,8759.0,295.7,1793.0094893977957,100.0,False,1
33.013,-2298.846331857783,8828.150215664162,296.0,1799.9125000000008,100.0,False,1
33.109,-2285.0,8905.0,295.4,1807.7885536228512,100.0,False,1
33.173,-2276.5547345428076,8950.358523483379,295.0,1813.0236111111121,100.0,False,1
33.369,-2247.0,9094.0,292.8222222222222,1828.9491512294878,100.0,False,1
33.533,-2203.4489130114744,9285.169490490396,291.0,1842.123611111112,100.0,False,1
33.609,-2186.0,9360.0,289.1,1848.1749906866842,100.0,False,1
33.733,-2168.7377635073353,9431.983785481007,286.0,1858.0125000000005,100.0,False,1
33.869,-2154.0,9491.0,285.32,1868.8170723539395,100.0,False,1
33.933,-2143.9354511869897,9531.872556269589,285.0,1873.845833333334,100.0,False,1
34.069,-2119.0,9635.0,276.16,1884.3041465269298,94.56,False,1
34.133,-2107.935626245324,9682.45114334224,272.0,1888.9569444444453,92.0,True,1
34.27,-2086.0,9779.0,252.24452729890362,1898.1201015620873,52.48905459780723,True,1
34.452,-2060.071642882748,9893.382235826972,226.0,1908.9830555555561,0.0,True,1
34.49,-2055.0,9916.0,222.29501248,1911.1292367320004,0.0,True,1
34.77,-2020.0,10072.0,194.99501247999999,1925.755667469195,0.0,True,1
34.852,-2009.9686582341299,10113.04481431618,187.0,1929.7608333333337,0.0,True,1
34.91,-2003.0,10141.0,182.8718942911076,1932.5318658033798,0.0,True,1
35.133,-1974.8772860093768,10246.195218466606,167.0,1942.7961111111117,0.0,True,1
35.15,-1972.0,10255.0,166.4535734857143,1943.5632961482493,0.0,True,1
35.413,-1914.3486902583343,10401.731435865448,158.0,1955.0850000000003,0.0,True,1
35.47,-1904.0,10425.0,154.67500373333334,1957.4379599753152,0.0,True,1
35.653,-1883.1041908914724,10464.385731225884,144.0,1964.6850000000004,0.0,True,1
35.83,-1855.0,10491.0,138.69000192000001,1971.4813970804428,0.0,True,1
35.853,-1848.9763716921968,10496.408512515203,138.0,1972.3516666666671,0.0,False,1
35.95,-1820.0,10521.0,136.3833344,1975.990308124065,0.4041664,False,1
36.093,-1779.753643208941,10544.375227745753,134.0,1981.2850000000005,1.0,False,1
36.15,-1759.0,10552.0,134.0,1983.3829328194586,6.6999936,False,1
36.47,-1594.0,10593.0,134.0,1995.2168850746593,38.6999936,False,1
36.533,-1572.8227054698507,10598.761343655828,134.0,1997.6627777777783,45.0,False,1
36.693,-1540.8540001545007,10610.463319413991,145.0,2004.1072222222226,77.0,False,1
36.77,-1523.0,10618.0,148.07999744,2007.3330689345773,76.61500032,False,1
36.893,-1485.5197922563634,10634.013984891253,153.0,2012.6072222222228,76.0,False,1
37.07,-1411.0,10676.0,155.94999893333335,2020.3074839488918,67.88750293333334,False,1
37.133,-1378.1470513662455,10700.230816387964,157.0,2023.0738888888895,65.0,False,1
37.333,-1269.9269656549243,10792.515719795776,161.0,2032.0183333333339,69.0,False,1
37.35,-1263.0,10799.0,162.062496,2032.8076270824297,69.0,False,1
37.493,-1222.5696475217094,10841.52324444571,171.0,2039.618333333334,69.0,False,1
37.69,-1189.0,10893.0,175.10416533333333,2049.1948941635674,73.9249984,False,1
37.733,-1179.1386125980698,10908.689043892144,176.0,2051.351666666667,75.0,False,1
37.81,-1160.0,10940.0,179.20833066666665,2055.292798462731,80.34721777777777,False,1
38.01,-1111.0,11031.0,187.541664,2065.9459589315493,94.23610666666667,False,1
38.093,-1092.5218161817893,11070.872831576435,191.0,2070.4516666666673,100.0,False,1
38.33,-1046.0,11191.0,198.89999786666667,2083.549003216787,100.0,False,1
38.333,-1045.4536993362606,11192.598490683305,199.0,2083.7183333333337,100.0,False,1
38.51,-1015.0,11289.0,203.86749824,2093.8915921686416,100.0,False,1
38.733,-980.6693534008617,11410.158841467304,210.0,2107.0516666666667,100.0,False,1
38.79,-971.0,11447.0,211.70999808,2110.440085207737,100.0,False,1
38.933,-943.9934858105994,11554.194812511201,216.0,2119.0516666666667,100.0,False,1
39.01,-931.0,11607.0,220.3312464,2123.8221125280375,100.0,False,1
39.093,-919.86684334352,11652.931135970164,225.0,2129.051666666667,100.0,False,1
39.27,-900.0,11736.0,230.16249813333334,2140.417445181844,100.0,False,1
39.333,-891.0424509189891,11772.732416732364,232.0,2144.5183333333334,100.0,False,1
39.489,-866.0,11875.0,235.9,2154.7807069337146,100.0,False,1
39.573,-852.854356599763,11929.46637216111,238.0,2160.385,100.0,False,1
39.689,-835.0,12005.0,242.06,2168.2263008032955,100.0,False,1
39.773,-821.9889978137277,12061.639939500219,245.0,2173.9961111111115,100.0,False,1
39.949,-796.0,12180.0,251.6,2186.363562521236,100.0,False,1
40.013,-787.774088953833,12219.927217569715,254.0,2190.9294444444445,100.0,False,1
40.189,-767.0,12328.0,257.3,2203.634979038809,100.0,False,1
40.409,-739.0,12484.0,261.425,2219.782379822106,100.0,False,1
40.493,-728.3095244078507,12545.173972783361,263.0,2225.9961111111115,100.0,False,1
40.653,-708.3640421127886,12662.380684147025,268.0,2237.9072222222226,100.0,False,1
40.689,-704.0,12689.0,268.5,2240.6048140411403,100.0,False,1
40.87,-683.0,12822.0,271.013888,2254.273254219381,100.0,False,1
41.013,-667.7501868034547,12921.252568916814,273.0,2265.2072222222223,100.0,False,1
41.07,-660.0,12973.0,274.2507820437302,2269.600272012006,100.0,False,1
41.29,-622.0,13233.0,279.07836728208304,2286.725768540808,100.0,False,1
41.332,-617.1058524005423,13267.726906787626,280.0,2290.0183333333334,100.0,False,1
41.572,-605.1619630309823,13367.555538447301,284.0,2308.951666666667,100.0,False,1
41.61,-603.0,13388.0,284.27046178401974,2311.964058960955,100.0,False,1
41.85,-584.0,13576.0,285.97864722645346,2331.037347790293,100.0,False,1
41.853,-583.7791317305202,13578.541236984587,286.0,2331.2755555555555,100.0,False,1
42.013,-573.7936293052629,13713.237713733613,286.0,2343.986666666666,100.0,False,1
42.11,-569.0,13791.0,287.07777706666667,2351.7540582090082,100.0,False,1
42.29,-562.0,13927.0,289.07777706666667,2366.2856085269214,100.0,False,1
42.373,-559.6115596273988,13992.887214824124,290.0,2372.986666666666,100.0,False,1
42.49,-557.0,14089.0,290.0,2382.42115176738,100.0,False,1
42.77,-553.0,14322.0,290.0,2404.967281780186,100.0,False,1
42.773,-552.9639669859696,14324.530196002172,290.0,2405.208888888889,100.0,False,1
42.87,-552.0,14408.0,290.0,2413.0215909479925,100.0,False,1
43.17,-556.0,14695.0,290.0,2437.1894723931473,100.0,False,1
43.173,-556.0707414368055,14697.402940974398,290.0,2437.431111111111,100.0,False,1
43.373,-561.7762222108348,14826.26955706245,290.0,2453.542222222222,100.0,False,1
43.47,-566.0,14887.0,290.0,2461.366101389487,100.0,False,1
43.71,-588.0,15087.0,290.0,2480.699759175547,100.0,False,1
43.733,-592.4939989148941,15114.341373415647,290.0,2482.542222222222,100.0,False,1
43.91,-638.0,15355.0,287.4714294857143,2496.650005873097,100.0,False,1
44.013,-662.2379682707704,15472.088501521295,286.0,2504.7866666666664,100.0,False,1
44.293,-711.8153099920715,15680.129328107101,281.0,2526.6422222222222,100.0,False,1
44.41,-726.0,15737.0,280.02500053333335,2535.731693446249,100.0,False,1
44.533,-736.8640273162374,15781.094967451669,279.0,2545.2422222222226,100.0,True,1
44.693,-750.3305266219764,15838.491588399631,270.0,2557.242222222222,7.0,True,1
44.73,-755.0,15859.0,262.6000128,2559.76799137696,6.0750016,True,1
44.89,-780.0,15970.0,230.6000128,2569.425880199014,2.0750016000000002,True,1
44.973,-791.2228629088225,16019.630366129808,214.0,2573.8866666666668,0.0,True,1
45.09,-805.0,16081.0,199.61875786666667,2579.669315645595,0.0,True,1
45.39,-838.0,16237.0,162.74375786666667,2592.178766579105,0.0,True,1
45.453,-843.5231462345114,16264.922908965098,155.0,2594.5533333333337,0.0,True,1
45.67,-859.0,16350.0,137.09750528,2602.166779664701,0.0,True,1
45.853,-870.0934343078277,16420.302670841756,122.0,2608.1088888888894,0.0,True,1
45.89,-872.0,16433.0,120.41428845714286,2609.2765534612217,0.0,True,1
46.01,-877.0,16473.0,115.27143131428572,2612.9854999347863,0.0,True,1
46.133,-878.9262638862219,16534.01322438866,110.0,2616.664444444445,0.0,True,1
46.209,-879.0,16568.0,107.46666666666667,2618.8758506984086,0.0,True,1
46.373,-877.3956500268057,16602.627466186397,102.0,2623.464444444445,0.0,True,1
46.549,-872.0,16618.0,95.71428571428571,2628.054832960636,0.0,True,1
46.653,-866.5072866705397,16635.76463114369,92.0,2630.6200000000003,0.0,True,1
46.889,-838.0,16691.0,83.15,2636.065570233846,0.0,True,1
46.893,-837.1436647918645,16691.94509946717,83.0,2636.1533333333336,0.0,True,1
47.109,-781.0,16738.0,77.6,2640.6677737384216,0.0,True,1
47.293,-754.5003780994878,16753.520848644985,73.0,2644.2644444444445,0.0,True,1
47.51,-732.0,16756.0,69.3833344,2648.313910464671,0.4520832,True,1
47.71,-695.0,16760.0,66.05000106666667,2651.8554745390234,0.8687498666666666,True,1
47.773,-684.4149714335654,16760.358110647052,65.0,2652.931111111111,1.0,False,1
47.89,-664.0,16758.0,62.06030406100774,2654.879275828161,5.703513502387618,False,1
47.972,-644.8289451741748,16752.31681118504,60.0,2656.2477777777776,9.0,False,1
48.09,-616.0,16741.0,61.4749984,2658.2678108877108,12.687496,False,1
48.132,-607.6860255920209,16737.13832415512,62.0,2659.003333333333,14.0,False,1
48.57,-562.0,16696.0,67.9591827967975,2667.272273863777,26.91156272639459,False,1
48.573,-561.6795209669845,16695.627597609928,68.0,2667.333333333333,27.0,False,1
48.75,-541.0,16670.0,71.98249856,2671.0498325117724,34.07999744,False,1
48.91,-523.0,16639.0,75.58249856,2674.526098100844,40.47999744,False,1
48.973,-516.3113466435907,16626.37172160238,77.0,2675.8888888888887,43.0,False,1
49.11,-504.0,16602.0,78.7124992,2678.873306521037,42.1437504,False,1
49.133,-502.5376339599642,16598.962122931243,79.0,2679.4,42.0,False,1
49.293,-495.0837792945505,16581.676264221318,89.0,2683.3555555555554,55.0,False,1
49.31,-494.0,16579.0,89.72856868571428,2683.8051203595473,55.4249984,False,1
49.51,-476.0,16533.0,98.29999725714286,2689.434218725121,60.4249984,False,1
49.573,-470.30876645656116,16517.10809243065,101.0,2691.2111111111108,62.0,False,1
49.73,-457.0,16475.0,101.0,2695.567121423756,66.70999808,False,1
49.773,-453.3922964491415,16461.849985428486,101.0,2696.822222222222,68.0,False,1
49.89,-444.0,16424.0,107.49999644444445,2700.4667363408266,71.24999822222222,False,1
50.133,-429.1070799845766,16347.749368925137,121.0,2708.922222222222,78.0,False,1
50.17,-427.0,16335.0,123.37856731428572,2710.280592171566,80.90713782857142,False,1
50.33,-418.0,16275.0,133.6642816,2716.374503820878,93.4785664,False,1
50.413,-413.85359951842145,16242.429367286668,139.0,2719.7333333333327,100.0,False,1
50.63,-405.0,16153.0,151.47749632,2729.230704614862,100.0,False,1
50.813,-399.469792378386,16072.285826986972,162.0,2737.733333333333,100.0,False,1
50.83,-399.0,16065.0,163.062496,2738.5336319453786,100.0,False,1
50.973,-394.88219307288546,16004.542613419653,172.0,2745.3777777777773,100.0,False,1
51.03,-392.0,15974.0,175.562496,2748.205199028551,100.0,False,1
51.133,-383.97022722284845,15903.406899784497,182.0,2753.4666666666662,100.0,False,1
51.27,-371.0,15806.0,187.87142582857143,2760.7494926611557,100.0,False,1
51.413,-359.8223863468289,15742.01671292869,194.0,2768.5555555555547,100.0,False,1
51.57,-347.0,15688.0,197.9249984,2777.205910574872,100.0,False,1
51.613,-342.7089703220937,15670.441803343077,199.0,2779.6111111111104,100.0,False,1
51.813,-313.10055988337456,15563.547760845146,206.0,2791.055555555555,100.0,False,1
51.83,-309.0,15551.0,206.48571245714285,2792.0460573030578,100.0,False,1
52.05,-241.0,15361.0,212.77142674285713,2805.100195963668,100.0,False,1
52.093,-230.30949431219628,15332.542677301455,214.0,2807.7,100.0,False,1
52.253,-204.16485992281432,15267.039729562846,221.0,2817.522222222222,100.0,False,1
52.43,-177.0,15204.0,227.6374976,2828.7516441688877,100.0,False,1
52.493,-163.79543062780525,15172.879040202211,230.0,2832.8555555555554,100.0,False,1
52.653,-123.36420586068522,15077.266081749489,240.0,2843.522222222222,100.0,False,1
52.669,-119.0,15067.0,240.3272727272727,2844.602157405314,100.0,False,1
52.889,-58.0,14924.0,244.8272727272727,2859.653628196071,100.0,False,1
52.989,-34.0,14867.0,246.87272727272727,2866.622101851135,100.0,False,1
53.093,1.9269071894685363,14781.598778625468,249.0,2873.9555555555557,100.0,False,1
53.293,82.48470559817008,14590.62893558215,258.0,2888.288888888889,100.0,False,1
53.309,87.0,14580.0,258.3,2889.445192608919,100.0,False,1
53.453,112.66214393943063,14520.381084829885,261.0,2899.888888888889,100.0,False,1
53.589,133.0,14474.0,261.9714285714286,2909.7454270727044,100.0,False,1
53.733,171.32024098802853,14385.611010830971,263.0,2920.3444444444444,100.0,False,1
53.909,228.0,14255.0,272.53333333333336,2933.7778136108877,100.0,False,1
53.973,246.89301471053273,14211.79605721553,276.0,2938.7444444444445,100.0,False,1
54.85,536.0,13545.0,289.3456512,3009.321153851525,100.0,False,1
54.893,563.4102468843856,13479.377331634283,290.0,3012.855555555556,100.0,False,1
54.99,624.0,13334.0,293.39499776,3020.8458945102284,100.0,False,1
55.093,667.8424558280684,13228.862627997387,297.0,3029.3555555555563,100.0,False,1
55.253,693.3299678571844,13167.917079173974,299.0,3042.644444444445,100.0,False,1
55.45,726.0,13087.0,303.9249984,3059.2782769891023,100.0,False,1
55.453,726.761055303749,13085.10125203197,304.0,3059.533333333334,100.0,False,1
55.65,789.0,12929.0,306.8142848,3076.3684164130477,100.0,False,1
55.733,815.713232715502,12861.21318531139,308.0,3083.488888888889,100.0,False,1
55.83,845.0,12786.0,308.96999936,3091.8198289944667,100.0,False,1
55.933,872.7391931683895,12713.35183156961,310.0,3100.7111111111117,100.0,False,1
56.03,902.0,12633.0,311.5431808,3109.160630153181,100.0,False,1
56.31,1015.0,12303.0,315.99772625454546,3133.875979179462,100.0,False,1
56.373,1032.1828647309028,12251.188784394411,317.0,3139.4555555555557,100.0,False,1
56.573,1062.6011577777815,12153.746278362476,319.0,3157.1777777777784,100.0,False,1
56.65,1076.0,12109.0,319.0,3163.9967421970177,100.0,False,1
56.733,1093.8410408035036,12049.223743570838,319.0,3171.355555555556,100.0,False,1
56.893,1135.820483284263,11906.211162575986,321.0,3185.6222222222227,100.0,False,1
56.95,1151.0,11852.0,322.4249984,3190.7519580545036,100.0,False,1
57.05,1177.0,11756.0,324.9249984,3199.7952159672964,100.0,False,1
57.053,1177.7408952635205,11753.23821685959,325.0,3200.066666666667,100.0,False,1
57.25,1223.0,11582.0,325.8208330666667,3217.902982228145,100.0,False,1
57.293,1233.6722585216205,11540.498390870367,326.0,3221.8000000000006,100.0,False,1
57.573,1307.9771804591253,11244.270955501419,327.0,3247.233333333334,100.0,False,1
57.61,1316.0,11212.0,327.2522722909091,3250.6083884276986,100.0,False,1
57.91,1366.0,11007.0,329.2977268363636,3278.102959964167,100.0,False,1
58.013,1386.0682551018267,10920.675252131849,330.0,3287.566666666667,100.0,False,1
58.07,1399.0,10865.0,330.2035712,3292.806085591849,100.0,False,1
58.293,1463.8423699935697,10588.690418725153,331.0,3313.3111111111116,100.0,False,1
58.45,1500.0,10435.0,331.0,3327.7388987403556,100.0,False,1
58.573,1512.8050553505009,10380.193849831876,331.0,3339.055555555556,100.0,False,1
58.67,1525.0,10328.0,331.4041664,3347.998108093601,100.0,False,1
58.813,1561.7248391507242,10171.499579072879,332.0,3361.18888888889,100.0,False,1
59.01,1622.0,9915.0,331.4527779555556,3379.3181064829237,100.0,False,1
59.173,1649.858866272617,9796.562883715842,331.0,3394.2888888888897,100.0,False,1
59.449,1691.0,9620.0,330.1375,3419.5931191953964,100.0,False,1
59.493,1703.572987281195,9565.745968762585,330.0,3423.622222222223,100.0,False,1
59.669,1763.0,9309.0,329.26666666666665,3439.721095732238,100.0,False,1
59.733,1781.866680771332,9227.424286669551,329.0,3445.555555555556,100.0,False,1
60.089,1851.0,8929.0,326.03333333333336,3477.7941705227176,100.0,False,1
60.093,1851.4640226542433,8927.024864229088,326.0,3478.155555555557,100.0,False,1
60.349,1876.0,8823.0,325.0857142857143,3501.2687815314825,100.0,False,1
60.373,1879.6223600539006,8807.24223517736,325.0,3503.4333333333343,100.0,False,1
60.55,1914.0,8656.0,324.4468752,3519.382377605594,100.0,False,1
60.693,1942.0335346506258,8531.063457573362,324.0,3532.2333333333345,100.0,False,1
60.95,1993.0,8306.0,322.3937504,3555.2290882305706,100.0,False,1
61.013,2006.6546073603117,8247.737761238872,322.0,3560.8555555555567,100.0,False,1
61.07,2019.0,8195.0,321.8213168508957,3565.944138986573,100.0,False,1
61.33,2073.0,7958.0,321.0062699924725,3589.121740252434,100.0,False,1
61.332,2073.442703021846,7956.061293490554,321.0,3589.299722222224,100.0,False,1
61.51,2114.0,7780.0,320.2614111233623,3605.1213609174156,100.0,False,1
61.573,2127.1256183010796,7723.839192532202,320.0,3610.721944444446,100.0,False,1
61.77,2165.0,7564.0,320.0,3628.233853468457,100.0,False,1
61.773,2165.596672867098,7561.486218988598,320.0,3628.4997222222237,100.0,False,1
61.93,2200.0,7417.0,318.43000064,3642.3710902162525,100.0,False,1
61.973,2211.8984795683223,7367.516511166932,318.0,3646.1663888888897,100.0,False,1
62.21,2283.0,7074.0,318.0,3667.101098743843,100.0,False,1
62.373,2302.6533016141293,6992.77723742941,318.0,3681.4997222222228,100.0,False,1
62.55,2326.0,6894.0,317.2625002666667,3697.11317842502,100.0,False,1
62.613,2344.106383049356,6817.306519913496,317.0,3702.6330555555564,100.0,False,1
62.75,2390.0,6623.0,314.71666773333334,3714.5363359288654,100.0,False,1
62.973,2428.8619445293716,6459.5455623243615,311.0,3733.7330555555563,100.0,False,1
63.133,2444.9960211477396,6391.916047243166,307.0,3747.377500000001,100.0,True,1
63.19,2453.0,6358.0,301.3000064,3752.0516153683116,76.25002666666667,True,1
63.373,2485.687769620335,6218.755389787251,283.0,3766.2441666666673,0.0,True,1
63.43,2496.0,6175.0,276.11250773333336,3770.410130484203,0.0,True,1
63.613,2525.799325063579,6049.314985953332,254.0,3783.1775000000007,0.0,True,1
63.67,2534.0,6014.0,249.0125056,3787.0813561860305,0.0,True,1
63.773,2547.5147224419366,5954.128720165983,240.0,3793.8441666666677,0.0,True,1
63.85,2558.0,5906.0,226.5250112,3798.3698412842687,0.0,True,1
64.05,2588.0,5759.0,191.5250112,3808.55322780745,0.0,True,1
64.053,2588.360581274894,5756.993261856891,191.0,3808.699722222223,0.0,True,1
64.41,2606.0,5585.0,169.58000384,3825.321999533584,0.0,True,1
64.453,2605.996881648197,5569.029633586226,167.0,3827.2552777777787,0.0,True,1
64.733,2597.666581931742,5481.0687088667255,158.0,3839.5441666666675,0.0,True,1
64.81,2593.0,5462.0,155.1125024,3842.792718242133,0.0,True,1
64.93,2583.0,5434.0,150.6125024,3847.7368295596484,0.0,True,1
64.973,2577.653672580003,5420.889373022951,149.0,3849.4775000000004,0.0,False,1
65.17,2542.0,5344.0,144.0750016,3857.2641946967065,0.0,False,1
65.253,2523.8816747611745,5313.43375805892,142.0,3860.521944444445,0.0,False,1
65.39,2493.0,5266.0,142.0,3865.92461487188,7.991662933333333,False,1
65.493,2471.89556525442,5230.756676691085,142.0,3869.9886111111114,14.0,False,1
65.65,2444.0,5177.0,141.5093752,3876.1622453484833,22.8312464,False,1
65.81,2422.0,5121.0,141.0093752,3882.405571214325,31.831246399999998,False,1
65.813,2421.6541568471653,5119.930915207911,141.0,3882.521944444445,32.0,False,1
66.053,2401.8243326977936,5030.462516169305,140.0,3891.855277777778,49.0,False,1
66.069,2401.0,5024.0,140.44,3892.4948283582635,49.32,False,1
66.289,2395.0,4930.0,146.49,3901.593933364334,53.72,False,1
66.449,2395.0,4863.0,150.89,3908.4595759342956,56.92,False,1
66.453,2395.0494519315457,4861.314726341404,151.0,3908.633055555556,57.0,False,1
66.689,2402.0,4760.0,158.375,3919.059171698923,88.7125,False,1
66.773,2405.8840530493544,4723.53926111923,161.0,3922.9441666666667,100.0,False,1
66.909,2414.0,4663.0,167.46,3929.484163825114,100.0,False,1
67.069,2427.0,4587.0,175.06,3937.5469001815372,100.0,False,1
67.173,2436.1886650802094,4536.0180984769595,180.0,3942.944166666667,100.0,False,1
67.25,2444.0,4497.0,183.8499968,3947.0156762146457,100.0,False,1
67.43,2466.0,4404.0,192.84999679999999,3956.7669499161266,100.0,False,1
67.453,2468.629923771998,4393.324994924594,194.0,3958.033055555556,100.0,False,1
67.613,2485.572294387045,4325.947021945375,201.0,3966.966388888889,100.0,False,1
67.65,2490.0,4309.0,201.9249984,3969.0658287597225,100.0,False,1
67.933,2533.115498460637,4152.093270208624,209.0,3985.544166666667,100.0,False,1
67.95,2536.0,4142.0,209.76499712,3986.556920464474,100.0,False,1
68.133,2568.249635491913,4031.746288411348,218.0,3997.6552777777774,100.0,False,1
68.21,2582.0,3985.0,220.12762981052632,4002.4719361629222,100.0,False,1
68.81,2687.0,3615.0,236.70657717894736,4042.4821493947643,100.0,False,1
68.893,2701.2988909025325,3561.2058866187444,239.0,4048.110833333333,100.0,False,1
69.05,2728.0,3459.0,242.9249984,4058.7595634594504,100.0,False,1
69.133,2741.7599230235937,3406.1425554775456,245.0,4064.444166666666,100.0,False,1
69.293,2768.131318845693,3304.1900681060138,250.0,4075.555277777778,100.0,False,1
69.31,2771.0,3293.0,250.16999936,4076.7408013479235,100.0,False,1
69.49,2802.0,3171.0,251.96999936,4089.343779218343,100.0,False,1
69.493,2802.516296527974,3168.9565463930817,252.0,4089.555277777777,100.0,False,1
69.67,2833.0,3048.0,255.53999872,4102.130369318262,100.0,False,1
69.693,2837.0606239152644,3031.9187094852446,256.0,4103.777499999999,100.0,False,1
69.93,2879.0,2867.0,259.2916657777778,4120.912772841517,100.0,False,1
70.053,2898.2227789740227,2792.900097452731,261.0,4129.8775,100.0,False,1
70.15,2919.0,2713.0,261.9093744,4136.967229940471,100.0,False,1
70.33,2976.0,2493.0,263.5968744,4150.176031599747,100.0,False,1
70.373,2986.9404112446905,2450.8502926010033,264.0,4153.344166666667,100.0,False,1
70.77,3036.0,2263.0,266.97749952,4182.787735371621,100.0,False,1
70.773,3036.4411902540196,2261.2925925818286,267.0,4183.010833333333,100.0,False,1
70.93,3064.0,2155.0,267.9812496,4194.698101320792,100.0,False,1
70.933,3064.598215168791,2152.729655885515,268.0,4194.921944444444,100.0,False,1
71.05,3089.0,2061.0,268.64999964444445,4203.670848330171,100.0,False,1
71.293,3133.8162402385237,1890.3352427699483,270.0,4221.921944444444,100.0,False,1
71.37,3148.0,1836.0,270.3208330666667,4227.710469274536,100.0,False,1
71.53,3179.0,1717.0,270.9874997333333,4239.761980424513,100.0,False,1
71.533,3179.59100562624,1714.712786025469,271.0,4239.988611111111,100.0,False,1
71.71,3214.0,1580.0,272.47499946666665,4253.402261968859,100.0,False,1
71.773,3225.1574555135285,1535.6077194794757,273.0,4258.188611111111,100.0,False,1
72.013,3265.720023963774,1365.8621289007183,274.0,4276.455277777778,100.0,False,1
72.07,3278.0,1310.0,274.2374997333333,4280.800904247064,100.0,False,1
72.23,3316.0,1130.0,274.9041664,4293.025200747131,100.0,False,1
72.253,3320.346431510119,1108.6972172315152,275.0,4294.788611111111,100.0,False,1
72.453,3341.6934815737286,993.5564880093641,277.0,4310.1775,100.0,False,1
72.569,3351.0,931.0,277.0,4319.108238913774,73.63636363636364,False,1
72.578,3351.7948282521193,925.4217212875699,277.0,4319.800981110361,71.59092363636364,False,1
